{"cameraMode":{"drawMode":0,"name":"Shaded","section":"Shading Mode"},"sceneLighting":true,"audioPlay":false,"sceneViewState":{"showFog":true,"showMaterialUpdate":true,"showSkybox":true,"showFlares":true,"showImageEffects":true,"showParticleSystems":true},"in2DMode":false,"pivot":{"x":9.069039344787598,"y":-15.381670951843262,"z":11.713851928710938},"rotation":{"x":-0.12566514313220979,"y":0.8694983720779419,"z":-0.28506723046302798,"w":-0.3832979202270508},"size":60.5557861328125,"orthographic":false}